"RelativePath","Extension","Bytes","LastWriteUtc","Sha256","ArchiveStatus"
"2026-07-15\2026_worldcup_4matches_analysis.md","md","9553","2026-06-19T13:26:25.0000000Z","a0f82d8975c7e2c92c9d739fa39f4fd6e97342d56a405403148241fe10b3ae80","RETAINED_RAW_NOT_TRAINING_BY_DEFAULT"
"2026-07-15\2026世界杯48场全面复盘报告.md","md","14327","2026-06-24T18:42:32.0000000Z","20af3ad26c676c4d0accda6e2216479bde90a8834fe33637956c33be333f16c9","RETAINED_RAW_NOT_TRAINING_BY_DEFAULT"
"2026-07-15\2026世界杯48场完整复盘.md","md","7899","2026-06-24T10:59:50.0000000Z","972c3428aaa008657255fa35dfeba070e617a7f8eff2e7780208ab47861186b4","RETAINED_RAW_NOT_TRAINING_BY_DEFAULT"
"2026-07-15\2026世界杯48场完整复盘报告.md","md","13457","2026-06-24T11:07:05.0000000Z","86c77ed3ac134af53be90e29dfd55c656fc2a46f5aca5ce46f101d3b8fb1b098","RETAINED_RAW_NOT_TRAINING_BY_DEFAULT"
"2026-07-15\2026世界杯4场深度分析_修正框架V2.md","md","11261","2026-06-20T19:44:19.0000000Z","fa6bdc4efba15ce6c45a3a5e26aec8708030274c34b7efce8f02f7f97b6dc608","RETAINED_RAW_NOT_TRAINING_BY_DEFAULT"
"2026-07-15\2026世界杯5场详细数据报告.md","md","5012","2026-06-22T20:29:10.0000000Z","137bfba3ecccb12d41936c1cd2e292ae73fb9369d64a11eefba87e22227d7f97","RETAINED_RAW_NOT_TRAINING_BY_DEFAULT"
"2026-07-15\2026世界杯6月22日_4场复盘报告.md","md","8269","2026-06-22T08:18:05.0000000Z","2ed26d2e126eb206cbdca19679dba68633e8d22171527c420ff5aebc2b152151","RETAINED_RAW_NOT_TRAINING_BY_DEFAULT"
"2026-07-15\2026世界杯6月23日_超深度分析报告.md","md","20914","2026-06-22T07:59:33.0000000Z","80da0d054b91cf5c6b18ae5447a9a99aa844f6da4fc27befb533087b3c4d978b","RETAINED_RAW_NOT_TRAINING_BY_DEFAULT"
"2026-07-15\2026世界杯6月23日_初盘深度分析报告.md","md","14512","2026-06-22T09:30:50.0000000Z","f9c9095c8656829a26ff279accd7476f5d6c19cf7d1b99c964fcc8ab1a116d1d","RETAINED_RAW_NOT_TRAINING_BY_DEFAULT"
"2026-07-15\2026世界杯6月23日_初盘数据深度分析报告（已验证）.md","md","18906","2026-06-22T10:34:29.0000000Z","23597b626009e0d1a28b8394edb4cfa46dc12ec2f3538dfea56a94c3290e1dec","RETAINED_RAW_NOT_TRAINING_BY_DEFAULT"
"2026-07-15\2026世界杯6月23日_结合上一场数据深度分析报告.md","md","16870","2026-06-22T10:10:08.0000000Z","757227329f994b43b2b8074ab07f05a1b324bde5cb7c6e2e056fd705a2edc983","RETAINED_RAW_NOT_TRAINING_BY_DEFAULT"
"2026-07-15\2026世界杯6月23日_冷门猎手V1.0分析报告.md","md","17165","2026-06-22T08:03:20.0000000Z","6f97cd4886a0f0b50cc95b2b383eaf28df39069831c6df439d91c9267c98bf9a","RETAINED_RAW_NOT_TRAINING_BY_DEFAULT"
"2026-07-15\2026世界杯6月23日_让球盘串关分析.md","md","6240","2026-06-22T07:49:47.0000000Z","a785ece070d34d3fc9101872163454025c34ad55ef3d889da9330a7358d18c4f","RETAINED_RAW_NOT_TRAINING_BY_DEFAULT"
"2026-07-15\2026世界杯6月23日_三场比赛全面复盘.md","md","6251","2026-06-23T05:56:49.0000000Z","c9cf1057df22a16f33cb720f3cd40eaa18ea46320d12326fcf07d710a2958118","RETAINED_RAW_NOT_TRAINING_BY_DEFAULT"
"2026-07-15\2026世界杯6月23日4场分析.md","md","5748","2026-06-22T07:05:58.0000000Z","cbf7a9c22c12f32c43e931707eca7297a53610e21d059b4d7731172f7474a705","RETAINED_RAW_NOT_TRAINING_BY_DEFAULT"
"2026-07-15\2026世界杯6月23日深度分析报告_冷门猎手.md","md","9286","2026-06-22T07:43:36.0000000Z","db5fa9dcb6db4057cbaa6916119ccd1226937a36be4d4a66744e91959c8d8875","RETAINED_RAW_NOT_TRAINING_BY_DEFAULT"
"2026-07-15\2026世界杯已完赛41场数据汇总.md","md","9651","2026-06-22T20:27:22.0000000Z","36469cf50df538788cc3af9699be8d5ba6ce04ffce8ca0436d58b63f061face2","RETAINED_RAW_NOT_TRAINING_BY_DEFAULT"
"2026-07-15\48场复盘数据缺口追踪.md","md","1469","2026-06-24T11:04:31.0000000Z","f869bf0336838015fb5533954b80f9e973271dd7b210b7adc9352a63ee6f490f","RETAINED_RAW_NOT_TRAINING_BY_DEFAULT"
"2026-07-15\4场世界杯竞彩分析_返奖率修正版.md","md","8654","2026-06-21T07:58:29.0000000Z","e5114629bfbe428c75c85713f5a4ac0270c72dbf142c4c8538dd1fc783373ed3","RETAINED_RAW_NOT_TRAINING_BY_DEFAULT"
"2026-07-15\4场世界杯竞彩深度分析_20260621.md","md","7953","2026-06-21T07:55:54.0000000Z","70c4340db995fa506252a050437a65b21d025c9b9931f007eee863425a0656ce","RETAINED_RAW_NOT_TRAINING_BY_DEFAULT"
"2026-07-15\4场世界杯竞彩深度分析_欧洲赔率版_20260621.md","md","13307","2026-06-21T08:10:30.0000000Z","77008ea2029b7a6fca1175bfd1de59114dc4cddb65017cf0195bf8d6c1051b24","RETAINED_RAW_NOT_TRAINING_BY_DEFAULT"
"2026-07-15\4场世界杯竞彩整合方案_20260621.md","md","8686","2026-06-21T09:01:57.0000000Z","f540948eede32e641aaea1d475ce80b6c797a8095a8c5118bec8f6c9942400f1","RETAINED_RAW_NOT_TRAINING_BY_DEFAULT"
"2026-07-15\4场世界杯深度分析_20260621.md","md","7631","2026-06-21T07:48:08.0000000Z","c03e52c5016f590b24b53b292ff09cd44a7fc29ca35fa8a23234c3e25ea6ae7d","RETAINED_RAW_NOT_TRAINING_BY_DEFAULT"
"2026-07-15\4场世界杯完整深度分析_多源验证修正版_20260620.md","md","17481","2026-06-20T11:48:47.0000000Z","967211a195b3718a6e957de880876f462175e7af6a6c35036b10b69917bffe07","RETAINED_RAW_NOT_TRAINING_BY_DEFAULT"
"2026-07-15\4场世界杯完整深度分析_美观版_20260620.md","md","10932","2026-06-20T11:54:40.0000000Z","b8a13c270fd35f26019a30ad461f590d2d72887d79cf8c03ded6837d27b4aef5","RETAINED_RAW_NOT_TRAINING_BY_DEFAULT"
"2026-07-15\6_23复盘改进版.md","md","6994","2026-06-23T20:03:09.0000000Z","5d887defd04f78518612d366a1847ccfa4b5682ef4ae227679566269fbe8d06a","RETAINED_RAW_NOT_TRAINING_BY_DEFAULT"
"2026-07-15\6_23四场预测复盘对比.md","md","5001","2026-06-23T19:57:49.0000000Z","e092376409fb5aa6acf03e972c61978e9db495cbea72b2a4da0fa06f4c32ee83","RETAINED_RAW_NOT_TRAINING_BY_DEFAULT"
"2026-07-15\6_24六场竞彩冷门猎手分析报告.md","md","8171","2026-06-24T08:28:36.0000000Z","8f6b9b77699583075181bdc47a85a721bfe304c6bb4da3b89db215adabaa14bd","RETAINED_RAW_NOT_TRAINING_BY_DEFAULT"
"2026-07-15\6_24四场预测复盘.md","md","4372","2026-06-24T08:46:39.0000000Z","4667ade8f91980c8d19335642e536d50de7b84a2b5567804126c792353be03b1","RETAINED_RAW_NOT_TRAINING_BY_DEFAULT"
"2026-07-15\6场概率计算汇总.md","md","4584","2026-06-25T11:53:42.0000000Z","a672bd980dd5bab7f85b2659780d73a5bc4df0d9ac4800f0f109eb9b65ca5565","RETAINED_RAW_NOT_TRAINING_BY_DEFAULT"
"2026-07-15\6场竞彩冷门猎手分析报告.md","md","9162","2026-06-24T11:32:46.0000000Z","2ce4b4195fb18c3aca6fcdd8470a2a0393823973893f03d94774b6ff68fe71b0","RETAINED_RAW_NOT_TRAINING_BY_DEFAULT"
"2026-07-15\6场竞彩冷门猎手深度分析（框架融合版）.md","md","13375","2026-06-24T11:40:12.0000000Z","abe9186cde830c7c8e76f85e3965206afa11612b87c24bdb568ad3830042d3e8","RETAINED_RAW_NOT_TRAINING_BY_DEFAULT"
"2026-07-15\6场竞彩盘口+让球盘综合分析.md","md","5274","2026-06-25T11:21:01.0000000Z","44290b81b7db783314a1130cc32cee20cc05d5af9bae0032fd682a88261eae1e","RETAINED_RAW_NOT_TRAINING_BY_DEFAULT"
"2026-07-15\6场世界杯初盘变盘分析.md","md","10155","2026-06-25T13:01:04.0000000Z","ec29debd8d675fe5fa7fa99f591dfb6a86fc5af76e321e519af422bcfcdb2ff9","RETAINED_RAW_NOT_TRAINING_BY_DEFAULT"
"2026-07-15\6场世界杯竞彩深度分析_20260623.md","md","10410","2026-06-21T08:01:57.0000000Z","18bf8412e0975ac0dcf6d7702f614ddd3311351d7d058c47a158f12a7f56a930","RETAINED_RAW_NOT_TRAINING_BY_DEFAULT"
"2026-07-15\6场世界杯深度分析报告.md","md","7640","2026-06-25T11:11:05.0000000Z","aedb53561a5b2871285029da38dcd7f8be6f70094012ea761172eea3ddd46f0b","RETAINED_RAW_NOT_TRAINING_BY_DEFAULT"
"2026-07-15\6月19日世界杯4场竞彩赔率交叉对比报告.md","md","6544","2026-06-19T04:51:15.0000000Z","299ca4c7ad536ed04f9e9856844b23d13fc309563cd8bf125a2f3f8e1eb7ce54","RETAINED_RAW_NOT_TRAINING_BY_DEFAULT"
"2026-07-15\6月20日世界杯4场竞彩赔率数据报告.md","md","7359","2026-06-19T04:57:03.0000000Z","053e23722e3362dbdd411155000192a063f550b3157c526e2193ce6b1ea849d1","RETAINED_RAW_NOT_TRAINING_BY_DEFAULT"
"2026-07-15\6月23日四场让球盘集体失效复盘.md","md","3513","2026-06-23T06:35:12.0000000Z","d214b3f48c735164564734fed66cb013f9ca24b964faa5cfbe5aeb79c66887bd","RETAINED_RAW_NOT_TRAINING_BY_DEFAULT"
"2026-07-15\6月24日4场世界杯_冷门猎手V1.0深度分析.md","md","10418","2026-06-23T07:31:30.0000000Z","427198be5b546535b5e5771ff804690d5ee44f03e6b3a7e876580c35a064d162","RETAINED_RAW_NOT_TRAINING_BY_DEFAULT"
"2026-07-15\6月24日4场世界杯深度分析.md","md","6290","2026-06-23T06:41:22.0000000Z","c90869577dcdc6de232caf71024579f63e60eacd023dfae7a1bf21f9126b8282","RETAINED_RAW_NOT_TRAINING_BY_DEFAULT"
"2026-07-15\A1_2122.csv","csv","1134","2026-06-20T15:41:15.0000000Z","beb63cdd3c4f9406361dbf9ad99554fbce62be542a17f56faff98390497470ae","RETAINED_RAW_NOT_TRAINING_BY_DEFAULT"
"2026-07-15\A1_2223.csv","csv","1134","2026-06-20T15:41:40.0000000Z","63558bf505235430ea8fbc6db02fb19b00a8d43b96877dac5d1da33206bc13ba","RETAINED_RAW_NOT_TRAINING_BY_DEFAULT"
"2026-07-15\argentina_2021.csv","csv","1271","2026-06-20T15:35:11.0000000Z","008bc8052e2323d4f892dc397bad94bc4fa61295619923fea932915948939c50","RETAINED_RAW_NOT_TRAINING_BY_DEFAULT"
"2026-07-15\argentina_2023_24.csv","csv","1271","2026-06-20T15:24:36.0000000Z","008bc8052e2323d4f892dc397bad94bc4fa61295619923fea932915948939c50","RETAINED_RAW_NOT_TRAINING_BY_DEFAULT"
"2026-07-15\argentina_2024_25.csv","csv","1271","2026-06-20T15:24:14.0000000Z","008bc8052e2323d4f892dc397bad94bc4fa61295619923fea932915948939c50","RETAINED_RAW_NOT_TRAINING_BY_DEFAULT"
"2026-07-15\australia_2023_24.csv","csv","1271","2026-06-20T15:24:37.0000000Z","008bc8052e2323d4f892dc397bad94bc4fa61295619923fea932915948939c50","RETAINED_RAW_NOT_TRAINING_BY_DEFAULT"
"2026-07-15\australia_2024_25.csv","csv","1271","2026-06-20T15:24:14.0000000Z","008bc8052e2323d4f892dc397bad94bc4fa61295619923fea932915948939c50","RETAINED_RAW_NOT_TRAINING_BY_DEFAULT"
"2026-07-15\austria_2020_21.csv","csv","1134","2026-06-20T15:40:47.0000000Z","ed66b2bdc64bb2f2dd2ca541cd7751aba2c3afb7f64d5eec9b0f8464e55576af","RETAINED_RAW_NOT_TRAINING_BY_DEFAULT"
"2026-07-15\austria_2023_24.csv","csv","1134","2026-06-20T15:24:38.0000000Z","d9c5e2298026de222d0880c77094ac473ec7772ad70fb2bc5ed59aca6f76902c","RETAINED_RAW_NOT_TRAINING_BY_DEFAULT"
"2026-07-15\austria_2024_25.csv","csv","1134","2026-06-20T15:24:16.0000000Z","543faf2f54479b0d81ff10ac5f8e13aabbec2464cc5c964fbe9b1561f1fbf09f","RETAINED_RAW_NOT_TRAINING_BY_DEFAULT"
"2026-07-15\austria_test.csv","csv","1271","2026-06-20T15:48:10.0000000Z","008bc8052e2323d4f892dc397bad94bc4fa61295619923fea932915948939c50","RETAINED_RAW_NOT_TRAINING_BY_DEFAULT"
"2026-07-15\B1_2122.csv","csv","138528","2026-06-20T15:40:53.0000000Z","1fbc0221c0c017c34ff480268b153959576b0c707dffbeaf3141819a7d8d4363","RETAINED_RAW_NOT_TRAINING_BY_DEFAULT"
"2026-07-15\B1_2223.csv","csv","135378","2026-06-20T15:41:20.0000000Z","46737ea78b45a1fa6827b733a884c78f2610f37961781336ea7aa6dbfd64dcb4","RETAINED_RAW_NOT_TRAINING_BY_DEFAULT"
"2026-07-15\belgium_2020_21.csv","csv","138909","2026-06-20T15:38:59.0000000Z","6e74a3f376c67b18bc40175aaf4d87b553ed8d10335ec48e6c0d805fd0117687","RETAINED_RAW_NOT_TRAINING_BY_DEFAULT"
"2026-07-15\belgium_2023_24.csv","csv","136827","2026-06-20T15:24:37.0000000Z","379d10bd92cecba6349f043f0661e3548e16d8053b234a7cace7493acfb72144","RETAINED_RAW_NOT_TRAINING_BY_DEFAULT"
"2026-07-15\belgium_2024_25.csv","csv","158659","2026-06-20T15:24:15.0000000Z","fcc3ec3a7bdd57ec42df76bb03aa1858ee18be88886a379f42b4c7b2e7f5d0eb","RETAINED_RAW_NOT_TRAINING_BY_DEFAULT"
"2026-07-15\brazil_2021.csv","csv","1271","2026-06-20T15:35:08.0000000Z","008bc8052e2323d4f892dc397bad94bc4fa61295619923fea932915948939c50","RETAINED_RAW_NOT_TRAINING_BY_DEFAULT"
"2026-07-15\brazil_2023_24.csv","csv","1271","2026-06-20T15:24:35.0000000Z","008bc8052e2323d4f892dc397bad94bc4fa61295619923fea932915948939c50","RETAINED_RAW_NOT_TRAINING_BY_DEFAULT"
"2026-07-15\brazil_2024.csv","csv","572","2026-06-20T15:33:31.0000000Z","6f9c8d68399b7f8049e5539b883bb3d1aa6a981c9bd2f0151b88e9eab5aaa6a5","RETAINED_RAW_NOT_TRAINING_BY_DEFAULT"
"2026-07-15\brazil_2024_25.csv","csv","1271","2026-06-20T15:24:14.0000000Z","008bc8052e2323d4f892dc397bad94bc4fa61295619923fea932915948939c50","RETAINED_RAW_NOT_TRAINING_BY_DEFAULT"
"2026-07-15\bundesliga_2020_21.csv","csv","139075","2026-06-20T15:01:35.0000000Z","48ec5d53d2452b6ebdbc07bd78a836d6a4686f99fc020439ee3292e685315e61","RETAINED_RAW_NOT_TRAINING_BY_DEFAULT"
"2026-07-15\bundesliga_2021_22.csv","csv","139177","2026-06-20T15:01:37.0000000Z","034d0e1296e944dddf25e3c91b85ef5bd1ad25661b89d73878f5c73bfea4b9fc","RETAINED_RAW_NOT_TRAINING_BY_DEFAULT"
"2026-07-15\bundesliga_2022_23.csv","csv","139302","2026-06-20T14:41:34.0000000Z","b716517b25033ce8e0243e967aa961876425a4c41e97c8aa8fa59f2aca061341","RETAINED_RAW_NOT_TRAINING_BY_DEFAULT"
"2026-07-15\bundesliga_2023_24.csv","csv","135825","2026-06-20T14:41:16.0000000Z","1de8bc12a133dbbf71bc6ffda62082642f087f61b1b7c15ae9f2d320876fb07e","RETAINED_RAW_NOT_TRAINING_BY_DEFAULT"
"2026-07-15\bundesliga_2024_25.csv","csv","156414","2026-06-20T14:37:35.0000000Z","a295c58033cfe6393cbbc28f7db85671839b960c5f1153fd3678e20ad2adb92e","RETAINED_RAW_NOT_TRAINING_BY_DEFAULT"
"2026-07-15\bundesliga_2025_26.csv","csv","159944","2026-06-20T14:41:58.0000000Z","618301a4b39918225a8ccc57f0f839d675e1abd92fa3a3ccd9a67acd7c79dd7f","RETAINED_RAW_NOT_TRAINING_BY_DEFAULT"
"2026-07-15\C1_2122.csv","csv","83674","2026-06-20T15:41:12.0000000Z","c96943f36d02a85acf46ad76b63ab2c092d4975a3ba0453454458b940c57feeb","RETAINED_RAW_NOT_TRAINING_BY_DEFAULT"
"2026-07-15\C1_2223.csv","csv","83969","2026-06-20T15:41:37.0000000Z","18fdb4c7ada45b98ea9e46af76f3700a7c3778058978c5db666f33e8fe04eda4","RETAINED_RAW_NOT_TRAINING_BY_DEFAULT"
"2026-07-15\championship_2020_21.csv","csv","255966","2026-06-20T15:48:41.0000000Z","cf93295e310c60e5b97ae7466d772f8ec6a908ad401e38fceb7e8617369d5073","RETAINED_RAW_NOT_TRAINING_BY_DEFAULT"
"2026-07-15\championship_2021_22.csv","csv","255881","2026-06-20T15:43:41.0000000Z","a181451be4801b9f838daf5f6aaf21e9f09d36042be9e6c15388e71001e772ea","RETAINED_RAW_NOT_TRAINING_BY_DEFAULT"
"2026-07-15\championship_2022_23.csv","csv","255779","2026-06-20T15:43:43.0000000Z","cd38ab0586ea8cb4d573c363ff70749117f116da5b2741e5b0ea37da05860b1b","RETAINED_RAW_NOT_TRAINING_BY_DEFAULT"
"2026-07-15\championship_2023_24.csv","csv","251182","2026-06-20T14:35:16.0000000Z","5737f6cc95c95092b28317f41d3123e2fb09345434efc1c84bbdf15830849ab3","RETAINED_RAW_NOT_TRAINING_BY_DEFAULT"
"2026-07-15\championship_2024_25.csv","csv","286983","2026-06-20T14:34:51.0000000Z","f34c340446c916374be66bdc2fb25b87ee7f2662712ca009653d03ac705535f9","RETAINED_RAW_NOT_TRAINING_BY_DEFAULT"
"2026-07-15\cri_predictions.csv","csv","890","2026-06-19T12:06:59.0000000Z","0a13c9f829a1b5d192df1ea83eb77719b1301df26506bc636096be22fe74af09","RETAINED_RAW_NOT_TRAINING_BY_DEFAULT"
"2026-07-15\czech_2020_21.csv","csv","62528","2026-06-20T15:39:28.0000000Z","8c4f8b4e05c93b2221bb57b418df98ae9a2ac12941f5674dc43412fe6fe0ae2c","RETAINED_RAW_NOT_TRAINING_BY_DEFAULT"
"2026-07-15\czech_2023_24.csv","csv","81995","2026-06-20T15:24:36.0000000Z","065052238cf671dfcec9088c7ff4c5134404281fa4ec4af2b453121d5d450919","RETAINED_RAW_NOT_TRAINING_BY_DEFAULT"
"2026-07-15\czech_2024_25.csv","csv","93788","2026-06-20T15:24:15.0000000Z","b143cf1d7b88c785fdd08b7ed6c4b9c09198cb8371ccbb0341a0f5b15a6e8328","RETAINED_RAW_NOT_TRAINING_BY_DEFAULT"
"2026-07-15\D1_2122.csv","csv","139177","2026-06-20T15:40:57.0000000Z","034d0e1296e944dddf25e3c91b85ef5bd1ad25661b89d73878f5c73bfea4b9fc","RETAINED_RAW_NOT_TRAINING_BY_DEFAULT"
"2026-07-15\D1_2223.csv","csv","139302","2026-06-20T15:41:22.0000000Z","b716517b25033ce8e0243e967aa961876425a4c41e97c8aa8fa59f2aca061341","RETAINED_RAW_NOT_TRAINING_BY_DEFAULT"
"2026-07-15\data_completeness_report.md","md","3985","2026-06-22T16:20:32.0000000Z","614a0117f1d26d8d6423077564854af5a1ad9238936bf5e3f970b663ab957d9d","RETAINED_RAW_NOT_TRAINING_BY_DEFAULT"
"2026-07-15\data_coverage.csv","csv","1755","2026-06-22T06:26:52.0000000Z","44b6ea24118370a75052a955f3d5d876623f6c1a3f7b8ea25f1bd996fb00a16d","RETAINED_RAW_NOT_TRAINING_BY_DEFAULT"
"2026-07-15\denmark_2020_21.csv","csv","139075","2026-06-20T15:39:02.0000000Z","48ec5d53d2452b6ebdbc07bd78a836d6a4686f99fc020439ee3292e685315e61","RETAINED_RAW_NOT_TRAINING_BY_DEFAULT"
"2026-07-15\denmark_2023_24.csv","csv","135825","2026-06-20T15:24:37.0000000Z","1de8bc12a133dbbf71bc6ffda62082642f087f61b1b7c15ae9f2d320876fb07e","RETAINED_RAW_NOT_TRAINING_BY_DEFAULT"
"2026-07-15\denmark_2024_25.csv","csv","156414","2026-06-20T15:24:14.0000000Z","a295c58033cfe6393cbbc28f7db85671839b960c5f1153fd3678e20ad2adb92e","RETAINED_RAW_NOT_TRAINING_BY_DEFAULT"
"2026-07-15\epl_2020_21.csv","csv","175815","2026-06-20T15:01:11.0000000Z","5afe63f69401457b8354eaacee24f9a3e520b3c3af6329564a9783e20d789c62","RETAINED_RAW_NOT_TRAINING_BY_DEFAULT"
"2026-07-15\epl_2021_22.csv","csv","175363","2026-06-20T15:01:14.0000000Z","335afcbabeb2939fa10ab39ba3e8215072d0b577cb8d0705c1e44c56e934e703","RETAINED_RAW_NOT_TRAINING_BY_DEFAULT"
"2026-07-15\epl_2022_23.csv","csv","176180","2026-06-20T14:41:28.0000000Z","8442792d3b614c94ea3cf381bd2736805889cc1713169035368fff19c3d02380","RETAINED_RAW_NOT_TRAINING_BY_DEFAULT"
"2026-07-15\epl_2023_24.csv","csv","172196","2026-06-20T14:41:08.0000000Z","b2e057b0ed959f198b0f63d2391c01239f3608e6de5db68edab3f88e04d07ff3","RETAINED_RAW_NOT_TRAINING_BY_DEFAULT"
"2026-07-15\epl_2024_25.csv","csv","197110","2026-06-20T14:37:26.0000000Z","d0c8ce4a96d886cf60cf101f570f4a3893844226f91c7bd769eb568c49edbfa4","RETAINED_RAW_NOT_TRAINING_BY_DEFAULT"
"2026-07-15\epl_2025_26.csv","csv","203438","2026-06-20T14:41:50.0000000Z","3e3a8352f9ada6789c508d6ca184424421fed56a30400904a4a327c583407e62","RETAINED_RAW_NOT_TRAINING_BY_DEFAULT"
"2026-07-15\fifa_rankings.csv","csv","1627","2026-06-22T06:26:52.0000000Z","6576619bf2fab05bb9c31ec671b85b6ed0df2f44dd819b0dac6baed3014de0f7","RETAINED_RAW_NOT_TRAINING_BY_DEFAULT"
"2026-07-15\file_1_new.md","md","25792","2026-06-19T10:11:38.0000000Z","1573873552747a64d738d351b0f8555ca12699d780e53f0fd9e036fa2bfa493b","RETAINED_RAW_NOT_TRAINING_BY_DEFAULT"
"2026-07-15\file_2_new.md","md","18414","2026-06-19T10:11:38.0000000Z","c9c2daf5920db5a440c952885eb515499a225ff98b428a6a79249c402f06cb11","RETAINED_RAW_NOT_TRAINING_BY_DEFAULT"
"2026-07-15\file_3_new.md","md","16952","2026-06-19T10:11:38.0000000Z","2a2e5a472266a47cdbbbb8326b73324e979c8c51026551204e75143ede3e460f","RETAINED_RAW_NOT_TRAINING_BY_DEFAULT"
"2026-07-15\file_4_new.md","md","4879","2026-06-19T10:11:38.0000000Z","492ae815228805353e67dee38fe5d6c0b09c3fccfece22d153846093047d4de9","RETAINED_RAW_NOT_TRAINING_BY_DEFAULT"
"2026-07-15\file_5_new.md","md","77312","2026-06-19T10:11:38.0000000Z","c135d049d72a7dccae7d7087d114fe5073907a932cf434140b020e47d2400e02","RETAINED_RAW_NOT_TRAINING_BY_DEFAULT"
"2026-07-15\file_6_new.md","md","16315","2026-06-19T10:11:38.0000000Z","65364a63377cca3a7bf37a4ce5f3afd7174b5128d56cf2a5426b2bfccfea7420","RETAINED_RAW_NOT_TRAINING_BY_DEFAULT"
"2026-07-15\football_analyst_report.md","md","18382","2026-06-19T15:02:01.0000000Z","bd1ecd71818cb3e07c3c83baf0de219a22f81dce37157de3fa5aad34ba527774","RETAINED_RAW_NOT_TRAINING_BY_DEFAULT"
"2026-07-15\framework_complete_v1.tar.gz","gz","5723199","2026-06-24T08:11:37.0000000Z","26318686aef81bf4422ab2b67d82908768d6a55003c92eff03b3d3f002ce5d8b","RETAINED_RAW_NOT_TRAINING_BY_DEFAULT"
"2026-07-15\framework_data_package.tar.gz","gz","1294070","2026-06-24T07:56:27.0000000Z","31a6d34ef44c28dd020c963d585543ffe21c9a6deeec1fa2716c089130a74e1e","RETAINED_RAW_NOT_TRAINING_BY_DEFAULT"
"2026-07-15\fw_file_01.md","md","1919","2026-06-23T20:25:04.0000000Z","ec7fc1c644673a935becf9002ba9c2598262d3123e1952ab5c56ba5b66031b7b","RETAINED_RAW_NOT_TRAINING_BY_DEFAULT"
"2026-07-15\fw_file_05.md","md","1137","2026-06-23T20:25:04.0000000Z","dae2c5aa760e11178c1871e1652486e0f16397c65c303e123005dae895b88990","RETAINED_RAW_NOT_TRAINING_BY_DEFAULT"
"2026-07-15\G1_2122.csv","csv","107981","2026-06-20T15:41:06.0000000Z","073d2d32a6ef02098cf58cdf214acc29616f3c798186500b42b8417a300e77c0","RETAINED_RAW_NOT_TRAINING_BY_DEFAULT"
"2026-07-15\G1_2223.csv","csv","108399","2026-06-20T15:41:32.0000000Z","2b24e7a37d96ce56cae2e3e728b3d8f29cf12dfaa9188a10f239331d776e4495","RETAINED_RAW_NOT_TRAINING_BY_DEFAULT"
"2026-07-15\greece_2020_21.csv","csv","107072","2026-06-20T15:39:17.0000000Z","311c5af3fe0e8b0edc6c7be2667f31927a9086e8f904a82f1097868ba070698a","RETAINED_RAW_NOT_TRAINING_BY_DEFAULT"
"2026-07-15\greece_2023_24.csv","csv","105713","2026-06-20T15:24:37.0000000Z","2eccea871c9f845ce4078642f35730a6e8db83683a6d49472e9f204dd972813a","RETAINED_RAW_NOT_TRAINING_BY_DEFAULT"
"2026-07-15\greece_2024_25.csv","csv","117759","2026-06-20T15:24:15.0000000Z","b0d0e4a3dc9054083763f205c808720c51cd55034282303e8a9f1d60be8321c9","RETAINED_RAW_NOT_TRAINING_BY_DEFAULT"
"2026-07-15\h2h_final_report.md","md","3095","2026-06-22T16:20:32.0000000Z","e33171f890af3717da8287d3e7c8c9cb79c7367911942545cd82fb9d3075e40c","RETAINED_RAW_NOT_TRAINING_BY_DEFAULT"
"2026-07-15\head_to_head_v2.csv","csv","2329188","2026-06-22T06:26:52.0000000Z","8962bbc0184b9ae3d3134c72bfb466ce5f57916e73c3dab9179e007f1e25822d","RETAINED_RAW_NOT_TRAINING_BY_DEFAULT"
"2026-07-15\international_matches.csv","csv","365508","2026-06-22T06:26:52.0000000Z","94774161e5926cee150bd31df3f130fd29d4ed38d7abe48672f139ca26625728","RETAINED_RAW_NOT_TRAINING_BY_DEFAULT"
"2026-07-15\japan_2021.csv","csv","1271","2026-06-20T15:35:02.0000000Z","008bc8052e2323d4f892dc397bad94bc4fa61295619923fea932915948939c50","RETAINED_RAW_NOT_TRAINING_BY_DEFAULT"
"2026-07-15\japan_2023_24.csv","csv","1134","2026-06-20T15:24:36.0000000Z","6e5e940f488df163954089f0ce074e0c5a50df2ef821318458f6e9db8ace90bf","RETAINED_RAW_NOT_TRAINING_BY_DEFAULT"
"2026-07-15\japan_2024.csv","csv","1271","2026-06-20T15:35:26.0000000Z","008bc8052e2323d4f892dc397bad94bc4fa61295619923fea932915948939c50","RETAINED_RAW_NOT_TRAINING_BY_DEFAULT"
"2026-07-15\japan_2024_25.csv","csv","1134","2026-06-20T15:29:26.0000000Z","520ae453c4957c6fb5920c0aa463cfda2d920b49f39151c24357add09da4d525","RETAINED_RAW_NOT_TRAINING_BY_DEFAULT"
"2026-07-15\japan_2324.csv","csv","1134","2026-06-20T15:33:57.0000000Z","6e5e940f488df163954089f0ce074e0c5a50df2ef821318458f6e9db8ace90bf","RETAINED_RAW_NOT_TRAINING_BY_DEFAULT"
"2026-07-15\japan_2425.csv","csv","1134","2026-06-20T15:33:57.0000000Z","520ae453c4957c6fb5920c0aa463cfda2d920b49f39151c24357add09da4d525","RETAINED_RAW_NOT_TRAINING_BY_DEFAULT"
"2026-07-15\knowledge_base.md","md","20738","2026-06-21T22:44:29.0000000Z","6235974377b821f7c114f6befc9562fde3977eab7a024ae076e1aafef25cbe9a","RETAINED_RAW_NOT_TRAINING_BY_DEFAULT"
"2026-07-15\korea_2021.csv","csv","1271","2026-06-20T15:35:07.0000000Z","008bc8052e2323d4f892dc397bad94bc4fa61295619923fea932915948939c50","RETAINED_RAW_NOT_TRAINING_BY_DEFAULT"
"2026-07-15\korea_2023_24.csv","csv","1134","2026-06-20T15:24:37.0000000Z","9b2e3acdb8a74a12b4e28a1bf6fe418c991215517a56e621a125ebf512de60dc","RETAINED_RAW_NOT_TRAINING_BY_DEFAULT"
"2026-07-15\korea_2024.csv","csv","567","2026-06-20T15:33:30.0000000Z","518e40ef2f2330c021ef4848be7563ea421be080a985eba1aad72780c55fa052","RETAINED_RAW_NOT_TRAINING_BY_DEFAULT"
"2026-07-15\korea_2024_25.csv","csv","1134","2026-06-20T15:24:13.0000000Z","c8eeb28568be71d78bde5ec2b23791766f69ec9e691ab9580366f0016e1c6ac0","RETAINED_RAW_NOT_TRAINING_BY_DEFAULT"
"2026-07-15\korea_2324.csv","csv","1134","2026-06-20T15:33:59.0000000Z","9b2e3acdb8a74a12b4e28a1bf6fe418c991215517a56e621a125ebf512de60dc","RETAINED_RAW_NOT_TRAINING_BY_DEFAULT"
"2026-07-15\laliga_2020_21.csv","csv","171721","2026-06-20T15:01:19.0000000Z","b4137db923101f464e8403c4973acbfaf7d71724ce93b4336fad580e894d9591","RETAINED_RAW_NOT_TRAINING_BY_DEFAULT"
"2026-07-15\laliga_2021_22.csv","csv","172174","2026-06-20T15:01:21.0000000Z","2d9e619700712823d15716c07715133f8c3b1a09046930dcfc785a38633dee2e","RETAINED_RAW_NOT_TRAINING_BY_DEFAULT"
"2026-07-15\laliga_2022_23.csv","csv","172199","2026-06-20T14:41:29.0000000Z","53348112526b5165539df240be350083989bb258f30c0ff7cacbc0165ca7e4b3","RETAINED_RAW_NOT_TRAINING_BY_DEFAULT"
"2026-07-15\laliga_2023_24.csv","csv","168164","2026-06-20T14:41:10.0000000Z","5323f596c7ed318e4bce95557a369d809d98501fa499ea5f41350cd45cf3c7d9","RETAINED_RAW_NOT_TRAINING_BY_DEFAULT"
"2026-07-15\laliga_2024_25.csv","csv","192863","2026-06-20T14:37:29.0000000Z","c086e96d6a53f6e6c0fce4e35db0d1728c773b4362323da0161a34769e315a36","RETAINED_RAW_NOT_TRAINING_BY_DEFAULT"
"2026-07-15\laliga_2025_26.csv","csv","197653","2026-06-20T14:41:54.0000000Z","4ca2e285f3ee0702f6bc55fcaa4f5a15cb3aef6220735a1d15398131e21d63f5","RETAINED_RAW_NOT_TRAINING_BY_DEFAULT"
"2026-07-15\ligue1_2020_21.csv","csv","170539","2026-06-20T15:01:40.0000000Z","124560ab39a1c256eb6ee5ad2dd1eed250c9780d0cbb34525d9abee41fbf7f70","RETAINED_RAW_NOT_TRAINING_BY_DEFAULT"
"2026-07-15\ligue1_2021_22.csv","csv","171274","2026-06-20T15:01:49.0000000Z","9e9eaefb8704264f8d55a718a119d940de4af7d7b4217ac4097b957406e16213","RETAINED_RAW_NOT_TRAINING_BY_DEFAULT"
"2026-07-15\ligue1_2022_23.csv","csv","171165","2026-06-20T14:41:37.0000000Z","18ea07d922e8b6360b81189637efd5aaf44779765db856bff208d5b1acf69b2f","RETAINED_RAW_NOT_TRAINING_BY_DEFAULT"
"2026-07-15\ligue1_2023_24.csv","csv","135000","2026-06-20T14:41:17.0000000Z","ca0a4bf51d5b1ccfd0e1558ea41de6bb829df6c96c759888a87248d296d5adb7","RETAINED_RAW_NOT_TRAINING_BY_DEFAULT"
"2026-07-15\ligue1_2024_25.csv","csv","154703","2026-06-20T14:37:39.0000000Z","fe6ae6a0c30d05f0ac88e0fc4a31452c7203e2b444703dfa941e22f38f20ab63","RETAINED_RAW_NOT_TRAINING_BY_DEFAULT"
"2026-07-15\ligue1_2025_26.csv","csv","157965","2026-06-20T14:42:01.0000000Z","0dad847de306774dfddfb87d310283c777e4c9f3008cd55ec52e28d841191730","RETAINED_RAW_NOT_TRAINING_BY_DEFAULT"
"2026-07-15\match_form.csv","csv","94639","2026-06-22T06:26:52.0000000Z","62fc86b2867d824bbf38eaa51cfbabdd11a4b6e310cc4584024760e7f9d43c67","RETAINED_RAW_NOT_TRAINING_BY_DEFAULT"
"2026-07-15\match_history_core.csv","csv","11776222","2026-06-22T06:26:53.0000000Z","a5759d069cc9e3cc127b377365d9804292408b6fd2b1aa25676e0a6d0bd45bfb","RETAINED_RAW_NOT_TRAINING_BY_DEFAULT"
"2026-07-15\match_history_core_part01.csv","csv","610425","2026-06-22T06:27:17.0000000Z","626c75d1543159a6e5ed50fbabb50b9adc08fa250fff4b5259ad4ecbe758a38f","RETAINED_RAW_NOT_TRAINING_BY_DEFAULT"
"2026-07-15\match_history_core_part02.csv","csv","703667","2026-06-22T06:27:17.0000000Z","fd5a04f79332401df8286878fbec417d521250ca12a9def6e2e2a2d4cd68b3b8","RETAINED_RAW_NOT_TRAINING_BY_DEFAULT"
"2026-07-15\match_history_core_part03.csv","csv","819814","2026-06-22T06:27:17.0000000Z","a4294b53544acb03f49e057d3bb15f2a7654550c21ed8fe13bbf0e5354b87e8d","RETAINED_RAW_NOT_TRAINING_BY_DEFAULT"
"2026-07-15\match_history_core_part04.csv","csv","690099","2026-06-22T06:27:17.0000000Z","25aa0d8ecc4db86ac338a8ad240a7fb036345915f89cef27e6d90f34615021d1","RETAINED_RAW_NOT_TRAINING_BY_DEFAULT"
"2026-07-15\match_history_core_part05.csv","csv","794591","2026-06-22T06:27:17.0000000Z","1f2353a8a96818b3185df0fb968a3ccc6c87b16f76de106d7e52699c58894bf5","RETAINED_RAW_NOT_TRAINING_BY_DEFAULT"
"2026-07-15\match_history_core_part06.csv","csv","833773","2026-06-22T06:27:17.0000000Z","fde485bcad6abed986f0b33be3aaa267aedcae448a0e02bae8236c7188460ae3","RETAINED_RAW_NOT_TRAINING_BY_DEFAULT"
"2026-07-15\match_history_core_part07.csv","csv","820354","2026-06-22T06:27:17.0000000Z","6a9c4be23693d27c39cce6b313dca4bf26c28e2094ce3f130f13e674a0983571","RETAINED_RAW_NOT_TRAINING_BY_DEFAULT"
"2026-07-15\match_history_core_part08.csv","csv","808768","2026-06-22T06:27:17.0000000Z","ddbad8137dc74492739f519d0818d8406903f355d578b8ad2a64f3c15ed0c90b","RETAINED_RAW_NOT_TRAINING_BY_DEFAULT"
"2026-07-15\match_history_core_part09.csv","csv","807984","2026-06-22T06:27:17.0000000Z","82b58ffa064f2d318d74ac61712462bf23b4a51fcbd27b975c1c09e4da379df8","RETAINED_RAW_NOT_TRAINING_BY_DEFAULT"
"2026-07-15\match_history_core_part10.csv","csv","779866","2026-06-22T06:27:17.0000000Z","98452730b02291efcda36a69888aa1065f44fa41534f131e9d5f4ecb262903b0","RETAINED_RAW_NOT_TRAINING_BY_DEFAULT"
"2026-07-15\match_history_core_part11.csv","csv","804935","2026-06-22T06:27:17.0000000Z","fe64a14cc880a52551b8a326ce8ec76b5e93cab46c7e6ff340812f7f91bec156","RETAINED_RAW_NOT_TRAINING_BY_DEFAULT"
"2026-07-15\match_history_core_part12.csv","csv","795508","2026-06-22T06:27:17.0000000Z","071f8634842560662de0130e2b9e70d4d4a19e1e7c4b81316bab373970f933bf","RETAINED_RAW_NOT_TRAINING_BY_DEFAULT"
"2026-07-15\match_history_core_part13.csv","csv","866970","2026-06-22T06:27:17.0000000Z","61bed3a22c46a3c7de46be6dab65c3c78ffac67ae195c70d0d910fe2802f8a9e","RETAINED_RAW_NOT_TRAINING_BY_DEFAULT"
"2026-07-15\match_history_core_part14.csv","csv","958539","2026-06-22T06:27:17.0000000Z","d6b913e580190cabeb5648d635f1dc4c73d704c8a88db7b95a5fdbf298091501","RETAINED_RAW_NOT_TRAINING_BY_DEFAULT"
"2026-07-15\match_history_core_part15.csv","csv","682301","2026-06-22T06:27:17.0000000Z","535a60e7a23976a21296f11688ace8aecb63a7e2307a1c0955985fef1b753b43","RETAINED_RAW_NOT_TRAINING_BY_DEFAULT"
"2026-07-15\mexico_2021.csv","csv","1271","2026-06-20T15:35:12.0000000Z","008bc8052e2323d4f892dc397bad94bc4fa61295619923fea932915948939c50","RETAINED_RAW_NOT_TRAINING_BY_DEFAULT"
"2026-07-15\mexico_2023_24.csv","csv","1271","2026-06-20T15:24:35.0000000Z","008bc8052e2323d4f892dc397bad94bc4fa61295619923fea932915948939c50","RETAINED_RAW_NOT_TRAINING_BY_DEFAULT"
"2026-07-15\mexico_2024_25.csv","csv","1271","2026-06-20T15:24:13.0000000Z","008bc8052e2323d4f892dc397bad94bc4fa61295619923fea932915948939c50","RETAINED_RAW_NOT_TRAINING_BY_DEFAULT"
"2026-07-15\ml_features.csv","csv","7444725","2026-06-20T18:44:30.0000000Z","8da256a1f7060f16042be6acb82ec043668e701448f9580d3775a422e99d3f0f","RETAINED_RAW_NOT_TRAINING_BY_DEFAULT"
"2026-07-15\N1_2122.csv","csv","138801","2026-06-20T15:41:00.0000000Z","1798f02c9e2d55d399503bce4adf82d9cb31969caab01de8a4ac0632947b692a","RETAINED_RAW_NOT_TRAINING_BY_DEFAULT"
"2026-07-15\N1_2223.csv","csv","139065","2026-06-20T15:41:24.0000000Z","a52a916c302ab414705fdcbba2077c301f9f0baefd3d519ea5434a2a5f5c4e8f","RETAINED_RAW_NOT_TRAINING_BY_DEFAULT"
"2026-07-15\netherlands_2020_21.csv","csv","138587","2026-06-20T15:39:06.0000000Z","65d532e1ea878954043454422ba2c770d05909691b219f39fcc6e9c4c4037657","RETAINED_RAW_NOT_TRAINING_BY_DEFAULT"
"2026-07-15\netherlands_2023_24.csv","csv","135643","2026-06-20T15:24:37.0000000Z","bbef260d01917668069697c60e5179571600ddca6f3cc353b81d46143697dad4","RETAINED_RAW_NOT_TRAINING_BY_DEFAULT"
"2026-07-15\netherlands_2024_25.csv","csv","155460","2026-06-20T15:24:15.0000000Z","7f97f0a7fd1f9b2cff6ac09588cdc14fd07f19950cb75e821fa58ab41e541d0a","RETAINED_RAW_NOT_TRAINING_BY_DEFAULT"
"2026-07-15\netherlands_2122.csv","csv","138801","2026-06-20T15:46:18.0000000Z","1798f02c9e2d55d399503bce4adf82d9cb31969caab01de8a4ac0632947b692a","RETAINED_RAW_NOT_TRAINING_BY_DEFAULT"
"2026-07-15\netherlands_2223.csv","csv","139065","2026-06-20T15:46:25.0000000Z","a52a916c302ab414705fdcbba2077c301f9f0baefd3d519ea5434a2a5f5c4e8f","RETAINED_RAW_NOT_TRAINING_BY_DEFAULT"
"2026-07-15\netherlands_test.csv","csv","135643","2026-06-20T15:44:59.0000000Z","bbef260d01917668069697c60e5179571600ddca6f3cc353b81d46143697dad4","RETAINED_RAW_NOT_TRAINING_BY_DEFAULT"
"2026-07-15\norway_2020_21.csv","csv","138587","2026-06-20T15:39:05.0000000Z","65d532e1ea878954043454422ba2c770d05909691b219f39fcc6e9c4c4037657","RETAINED_RAW_NOT_TRAINING_BY_DEFAULT"
"2026-07-15\norway_2023_24.csv","csv","135643","2026-06-20T15:24:37.0000000Z","bbef260d01917668069697c60e5179571600ddca6f3cc353b81d46143697dad4","RETAINED_RAW_NOT_TRAINING_BY_DEFAULT"
"2026-07-15\norway_2024_25.csv","csv","155460","2026-06-20T15:24:15.0000000Z","7f97f0a7fd1f9b2cff6ac09588cdc14fd07f19950cb75e821fa58ab41e541d0a","RETAINED_RAW_NOT_TRAINING_BY_DEFAULT"
"2026-07-15\norway_2324.csv","csv","135643","2026-06-20T15:43:36.0000000Z","bbef260d01917668069697c60e5179571600ddca6f3cc353b81d46143697dad4","RETAINED_RAW_NOT_TRAINING_BY_DEFAULT"
"2026-07-15\norway_2425.csv","csv","155460","2026-06-20T15:43:38.0000000Z","7f97f0a7fd1f9b2cff6ac09588cdc14fd07f19950cb75e821fa58ab41e541d0a","RETAINED_RAW_NOT_TRAINING_BY_DEFAULT"
"2026-07-15\norway_test.csv","csv","1271","2026-06-20T15:48:06.0000000Z","008bc8052e2323d4f892dc397bad94bc4fa61295619923fea932915948939c50","RETAINED_RAW_NOT_TRAINING_BY_DEFAULT"
"2026-07-15\P1_2122.csv","csv","139055","2026-06-20T15:40:51.0000000Z","c4477c4f40da93fbba978fa52b76dc962df3a998a464f9c5ae5462d1b36e3a63","RETAINED_RAW_NOT_TRAINING_BY_DEFAULT"
"2026-07-15\P1_2223.csv","csv","139035","2026-06-20T15:41:18.0000000Z","acb35c152f1198de9d02cdea622bc815e1438bae00d1822e0fe48a787405a84a","RETAINED_RAW_NOT_TRAINING_BY_DEFAULT"
"2026-07-15\PL_2122.csv","csv","139055","2026-06-20T15:41:09.0000000Z","c4477c4f40da93fbba978fa52b76dc962df3a998a464f9c5ae5462d1b36e3a63","RETAINED_RAW_NOT_TRAINING_BY_DEFAULT"
"2026-07-15\PL_2223.csv","csv","139035","2026-06-20T15:41:36.0000000Z","acb35c152f1198de9d02cdea622bc815e1438bae00d1822e0fe48a787405a84a","RETAINED_RAW_NOT_TRAINING_BY_DEFAULT"
"2026-07-15\poland_2020_21.csv","csv","139013","2026-06-20T15:39:23.0000000Z","c6bb505a2a2a3f5a71f5d37cbe9f717fb683d706b66170b6b3bef7947a5252cb","RETAINED_RAW_NOT_TRAINING_BY_DEFAULT"
"2026-07-15\poland_2023_24.csv","csv","135008","2026-06-20T15:24:37.0000000Z","681e132bee3948b432436e907a935ea8fc4a8ccace86dad67d61be0159035758","RETAINED_RAW_NOT_TRAINING_BY_DEFAULT"
"2026-07-15\poland_2024_25.csv","csv","153596","2026-06-20T15:24:16.0000000Z","e3cceff81e471c59e72c1f60f81b2e62df21d1a58af167062d4915484da00255","RETAINED_RAW_NOT_TRAINING_BY_DEFAULT"
"2026-07-15\poland_test.csv","csv","1271","2026-06-20T15:48:11.0000000Z","008bc8052e2323d4f892dc397bad94bc4fa61295619923fea932915948939c50","RETAINED_RAW_NOT_TRAINING_BY_DEFAULT"
"2026-07-15\portugal_2020_21.csv","csv","139013","2026-06-20T15:38:57.0000000Z","c6bb505a2a2a3f5a71f5d37cbe9f717fb683d706b66170b6b3bef7947a5252cb","RETAINED_RAW_NOT_TRAINING_BY_DEFAULT"
"2026-07-15\portugal_2023_24.csv","csv","135008","2026-06-20T15:24:38.0000000Z","681e132bee3948b432436e907a935ea8fc4a8ccace86dad67d61be0159035758","RETAINED_RAW_NOT_TRAINING_BY_DEFAULT"
"2026-07-15\portugal_2024_25.csv","csv","153596","2026-06-20T15:24:15.0000000Z","e3cceff81e471c59e72c1f60f81b2e62df21d1a58af167062d4915484da00255","RETAINED_RAW_NOT_TRAINING_BY_DEFAULT"
"2026-07-15\report_19ef4674.md","md","10418","2026-06-23T12:16:00.0000000Z","427198be5b546535b5e5771ff804690d5ee44f03e6b3a7e876580c35a064d162","RETAINED_RAW_NOT_TRAINING_BY_DEFAULT"
"2026-07-15\S1_2122.csv","csv","1298","2026-06-20T15:41:13.0000000Z","2cb1a8e7ada22caedc32252cceb2f3a6fe2674c1987c6f5f96546967a1a626a0","RETAINED_RAW_NOT_TRAINING_BY_DEFAULT"
"2026-07-15\S1_2223.csv","csv","1298","2026-06-20T15:41:38.0000000Z","9501ea7fbc110ebd603d32f356a0d1dea8b5bf63548e386a10e791de82e733ae","RETAINED_RAW_NOT_TRAINING_BY_DEFAULT"
"2026-07-15\SC0_2122.csv","csv","105588","2026-06-20T15:41:02.0000000Z","5814849157392d05df1bd8220a468649434d1e816e9385d65eca2dede98c5dd1","RETAINED_RAW_NOT_TRAINING_BY_DEFAULT"
"2026-07-15\SC0_2223.csv","csv","105939","2026-06-20T15:41:28.0000000Z","d716ef774542bb04701e1ac03eedf677cfa02422a0974b030824b3002c011730","RETAINED_RAW_NOT_TRAINING_BY_DEFAULT"
"2026-07-15\scotland_2020_21.csv","csv","105286","2026-06-20T15:39:12.0000000Z","0456d91665fccef8a7b4cce781b9a56a0df451d43dc1f67f0d623ac90aa26817","RETAINED_RAW_NOT_TRAINING_BY_DEFAULT"
"2026-07-15\scotland_2023_24.csv","csv","103688","2026-06-20T15:24:36.0000000Z","ed2dcf1bb0bdb12e911f0b8435038a85448be27d4fa368202c85be5e8036c341","RETAINED_RAW_NOT_TRAINING_BY_DEFAULT"
"2026-07-15\scotland_2024_25.csv","csv","118635","2026-06-20T15:24:15.0000000Z","a7e7c7512a04784c8c8d9a82a3bb24a3c67c9a6afa533a661d8fbbbbec293118","RETAINED_RAW_NOT_TRAINING_BY_DEFAULT"
"2026-07-15\seriea_2020_21.csv","csv","170667","2026-06-20T15:01:25.0000000Z","c09196fa18877547442807d375317299947abdd6d51a5e0df044cc6026e13f36","RETAINED_RAW_NOT_TRAINING_BY_DEFAULT"
"2026-07-15\seriea_2021_22.csv","csv","171204","2026-06-20T15:01:27.0000000Z","6a9555d5a90e652a883fd2862a52545c06e264016cd770347c067a6d7c993170","RETAINED_RAW_NOT_TRAINING_BY_DEFAULT"
"2026-07-15\seriea_2022_23.csv","csv","171573","2026-06-20T14:41:32.0000000Z","9960837f37a97ae700f876c87b85a8b7a2f5a5d05a53077830c21b9db8880c45","RETAINED_RAW_NOT_TRAINING_BY_DEFAULT"
"2026-07-15\seriea_2023_24.csv","csv","167015","2026-06-20T14:41:13.0000000Z","343a89db026fe4204ebeabd663cdfee8d02a45457828fc1cb63fa630ca170723","RETAINED_RAW_NOT_TRAINING_BY_DEFAULT"
"2026-07-15\seriea_2024_25.csv","csv","191722","2026-06-20T14:37:32.0000000Z","79d87a5b18771e066ac7419b7876bfd9771a68ca117a9712375d6bc9685abee3","RETAINED_RAW_NOT_TRAINING_BY_DEFAULT"
"2026-07-15\seriea_2025_26.csv","csv","196217","2026-06-20T14:41:56.0000000Z","709ae279617d16af226312bcceac941e71241745ddaf950bdac2b83afad4fcbb","RETAINED_RAW_NOT_TRAINING_BY_DEFAULT"
"2026-07-15\sweden_2023_24.csv","csv","1298","2026-06-20T15:24:36.0000000Z","d15567feee702b29ea9974559986f54c6c14dc154c11aae18d4aac63bc9cb4b3","RETAINED_RAW_NOT_TRAINING_BY_DEFAULT"
"2026-07-15\sweden_2024_25.csv","csv","1298","2026-06-20T15:24:15.0000000Z","e92de92b97119437d4f62f14c28f47d2cc96f5d1e99dd2285fde3e0a25a3a978","RETAINED_RAW_NOT_TRAINING_BY_DEFAULT"
"2026-07-15\sweden_test.csv","csv","1271","2026-06-20T15:48:07.0000000Z","008bc8052e2323d4f892dc397bad94bc4fa61295619923fea932915948939c50","RETAINED_RAW_NOT_TRAINING_BY_DEFAULT"
"2026-07-15\switzerland_2020_21.csv","csv","1298","2026-06-20T15:40:46.0000000Z","d6925e0c665c4da040eaff5d0c8bbf63dadf14f3aaa19e339feeee1499aa74ae","RETAINED_RAW_NOT_TRAINING_BY_DEFAULT"
"2026-07-15\switzerland_2023_24.csv","csv","1298","2026-06-20T15:24:36.0000000Z","d15567feee702b29ea9974559986f54c6c14dc154c11aae18d4aac63bc9cb4b3","RETAINED_RAW_NOT_TRAINING_BY_DEFAULT"
"2026-07-15\switzerland_2024_25.csv","csv","1298","2026-06-20T15:24:13.0000000Z","e92de92b97119437d4f62f14c28f47d2cc96f5d1e99dd2285fde3e0a25a3a978","RETAINED_RAW_NOT_TRAINING_BY_DEFAULT"
"2026-07-15\T1_2122.csv","csv","173920","2026-06-20T15:41:04.0000000Z","d945315d283f2c3b48e8ff67d9ac460ccc2c817ad719e0448000db995b5ab9ce","RETAINED_RAW_NOT_TRAINING_BY_DEFAULT"
"2026-07-15\T1_2223.csv","csv","147535","2026-06-20T15:41:30.0000000Z","129aacfe9576679cd287a63c401823b7df4ecd8bddb7eeb1ed0fcd22c867e0e3","RETAINED_RAW_NOT_TRAINING_BY_DEFAULT"
"2026-07-15\team_form.csv","csv","19710","2026-06-22T06:26:52.0000000Z","1b661853b54056ad82ed3efb055de0a89229e11de7631003f369b38ebe85f780","RETAINED_RAW_NOT_TRAINING_BY_DEFAULT"
"2026-07-15\teams.csv","csv","161297","2026-06-22T06:26:52.0000000Z","8b58bdb1a07f0bc2a40c412c1bf6c25def1aeaaedd8872892e1e0832bb41e40a","RETAINED_RAW_NOT_TRAINING_BY_DEFAULT"
"2026-07-15\turkey_2020_21.csv","csv","191916","2026-06-20T15:39:14.0000000Z","f50a1ca815964b11f818a3ca35035f57969e5b3b04e267ad508e8b9282920cfd","RETAINED_RAW_NOT_TRAINING_BY_DEFAULT"
"2026-07-15\turkey_2023_24.csv","csv","169459","2026-06-20T15:24:37.0000000Z","17097f7d31bad40f830dc6f0f85090e9f76876e6812ec14997bc80423a05924b","RETAINED_RAW_NOT_TRAINING_BY_DEFAULT"
"2026-07-15\turkey_2024_25.csv","csv","173297","2026-06-20T15:24:18.0000000Z","fd91680cc815f356c94fdd733078431ca771707305994ec49c5f1270cf9c9f5c","RETAINED_RAW_NOT_TRAINING_BY_DEFAULT"
"2026-07-15\usa_2021.csv","csv","1271","2026-06-20T15:35:09.0000000Z","008bc8052e2323d4f892dc397bad94bc4fa61295619923fea932915948939c50","RETAINED_RAW_NOT_TRAINING_BY_DEFAULT"
"2026-07-15\usa_2023_24.csv","csv","1271","2026-06-20T15:24:37.0000000Z","008bc8052e2323d4f892dc397bad94bc4fa61295619923fea932915948939c50","RETAINED_RAW_NOT_TRAINING_BY_DEFAULT"
"2026-07-15\usa_2024.csv","csv","572","2026-06-20T15:33:34.0000000Z","98b93d35d1a6c45a610fc09385d6a232efff5356054b3a05cd5571f5e7d64dc0","RETAINED_RAW_NOT_TRAINING_BY_DEFAULT"
"2026-07-15\usa_2024_25.csv","csv","1271","2026-06-20T15:24:13.0000000Z","008bc8052e2323d4f892dc397bad94bc4fa61295619923fea932915948939c50","RETAINED_RAW_NOT_TRAINING_BY_DEFAULT"
"2026-07-15\user_framework_file.md","md","32785","2026-06-19T18:37:30.0000000Z","8849875646b7d301e09144b34d8c7dab8216552dab7b61da4e031a680947d227","RETAINED_RAW_NOT_TRAINING_BY_DEFAULT"
"2026-07-15\Zero-Error_Protocol_1.md","md","25792","2026-06-19T10:03:32.0000000Z","1573873552747a64d738d351b0f8555ca12699d780e53f0fd9e036fa2bfa493b","RETAINED_RAW_NOT_TRAINING_BY_DEFAULT"
"2026-07-15\Zero-Error_Protocol_2.md","md","18414","2026-06-19T10:03:32.0000000Z","c9c2daf5920db5a440c952885eb515499a225ff98b428a6a79249c402f06cb11","RETAINED_RAW_NOT_TRAINING_BY_DEFAULT"
"2026-07-15\Zero-Error_Protocol_3.md","md","16952","2026-06-19T10:03:32.0000000Z","2a2e5a472266a47cdbbbb8326b73324e979c8c51026551204e75143ede3e460f","RETAINED_RAW_NOT_TRAINING_BY_DEFAULT"
"2026-07-15\Zero-Error_Protocol_4.md","md","4879","2026-06-19T10:03:32.0000000Z","492ae815228805353e67dee38fe5d6c0b09c3fccfece22d153846093047d4de9","RETAINED_RAW_NOT_TRAINING_BY_DEFAULT"
"2026-07-15\Zero-Error_Protocol_5.md","md","77312","2026-06-19T10:03:32.0000000Z","c135d049d72a7dccae7d7087d114fe5073907a932cf434140b020e47d2400e02","RETAINED_RAW_NOT_TRAINING_BY_DEFAULT"
"2026-07-15\Zero-Error_Protocol_6.md","md","16315","2026-06-19T10:03:32.0000000Z","65364a63377cca3a7bf37a4ce5f3afd7174b5128d56cf2a5426b2bfccfea7420","RETAINED_RAW_NOT_TRAINING_BY_DEFAULT"
"2026-07-15\阿根廷vs奥地利_复盘报告.md","md","38301","2026-06-23T19:48:18.0000000Z","212cd3689341fc26b6d117eec2ed53dd8dd73a66d02baf4b5571fc67ac931a33","RETAINED_RAW_NOT_TRAINING_BY_DEFAULT"
"2026-07-15\阿根廷vs奥地利_深度分析报告.md","md","14502","2026-06-22T10:01:04.0000000Z","8ebfbd97c26e50302b633991c0dfbca26a9afa2f677a3e29cb749733e33f7226","RETAINED_RAW_NOT_TRAINING_BY_DEFAULT"
"2026-07-15\报告对比真伪论证.md","md","6375","2026-06-23T12:17:32.0000000Z","cc7d4780abd6980374f947a38863cd949b9e9469957db0db0352ac0b1774ca6b","RETAINED_RAW_NOT_TRAINING_BY_DEFAULT"
"2026-07-15\部署说明.md","md","5825","2026-06-21T13:17:50.0000000Z","5d7170e181c5a72519500d2df8661023e6fa6ab32fc6e7f976a355e458717dcc","RETAINED_RAW_NOT_TRAINING_BY_DEFAULT"
"2026-07-15\待复盘文件_4场世界杯.md","md","214427","2026-06-22T17:25:26.0000000Z","0d31f079a102db00e084d85e5bb8ced23a1497a97e304ff5d9d9a6da5f66d6de","RETAINED_RAW_NOT_TRAINING_BY_DEFAULT"
"2026-07-15\对比分析报告_我们的框架vs对方报告_20260620.md","md","17437","2026-06-20T10:22:18.0000000Z","5ad3f628fa0972262fde6b9641c34a20619985da4aa7f2ee82b0ab36f3d68062","RETAINED_RAW_NOT_TRAINING_BY_DEFAULT"
"2026-07-15\对话详细摘要_20260620.md","md","8868","2026-06-20T16:02:12.0000000Z","9217651535306c33984cb65eec35099250819abf67aa74efb2aedc439e1e08e9","RETAINED_RAW_NOT_TRAINING_BY_DEFAULT"
"2026-07-15\返还率计算详解.md","md","763","2026-06-23T08:43:36.0000000Z","2fbb9c4e920f4cf37e52287f94d80c64a923e43b7f5dedc65ff81bc2a9239b1f","RETAINED_RAW_NOT_TRAINING_BY_DEFAULT"
"2026-07-15\国际大赛ML模型v2训练报告.md","md","3095","2026-06-20T21:44:02.0000000Z","4ef1e1b29220961d05bf9495089005dee22c52f297b002e4618ded138bda6c13","RETAINED_RAW_NOT_TRAINING_BY_DEFAULT"
"2026-07-15\国际大赛ML模型训练报告.md","md","2755","2026-06-20T21:39:00.0000000Z","f43ac58b980fb044fd83804694ec54dea28ccdb880108e13702c78fcd2ca81b3","RETAINED_RAW_NOT_TRAINING_BY_DEFAULT"
"2026-07-15\国际大赛数据补全_进度报告.md","md","2986","2026-06-20T20:17:16.0000000Z","7a2f4ebb61106e11348206e5029d6ed9650707b0f4d8ffd82bb602d88cffabaf","RETAINED_RAW_NOT_TRAINING_BY_DEFAULT"
"2026-07-15\国际大赛数据补全_最终报告.md","md","4461","2026-06-20T20:53:29.0000000Z","67fa8e8e58eab77b40a266a87564c490a516b5f429d5ffc13cfd944c36672336","RETAINED_RAW_NOT_TRAINING_BY_DEFAULT"
"2026-07-15\国际大赛数据框架_最终报告.md","md","4013","2026-06-20T20:30:09.0000000Z","41c4ea72a21bde93db42f2565d4a5927e12774ca7443449974c1eb351c3045ac","RETAINED_RAW_NOT_TRAINING_BY_DEFAULT"
"2026-07-15\荷兰vs瑞典_复盘报告.md","md","3316","2026-06-20T19:16:27.0000000Z","ff1b3882f9d3de7088f17fae8b0d6d82f2fb5e86489870899e1759b9f887ed65","RETAINED_RAW_NOT_TRAINING_BY_DEFAULT"
"2026-07-15\荷兰vs瑞典_复盘报告_修正版.md","md","4059","2026-06-20T19:33:01.0000000Z","4e9b2686a977d494fb4043b3b1b93507855ec0821e27d3ba20866fbea428c556","RETAINED_RAW_NOT_TRAINING_BY_DEFAULT"
"2026-07-15\荷兰vs瑞典复盘报告_20260621.md","md","5705","2026-06-20T21:14:23.0000000Z","060c69aa7b6d381f69ecd3b47e1f2a0e3fc67fd97ecc87bb1198187bd62fbc19","RETAINED_RAW_NOT_TRAINING_BY_DEFAULT"
"2026-07-15\建议.md","md","372553","2026-06-20T18:55:50.0000000Z","744c357c50c336e8e3eff0e6af122dd583876604aebef5963b9ca5ea16d3b0f2","RETAINED_RAW_NOT_TRAINING_BY_DEFAULT"
"2026-07-15\今日预测报告.md","md","18906","2026-06-22T19:34:06.0000000Z","23597b626009e0d1a28b8394edb4cfa46dc12ec2f3538dfea56a94c3290e1dec","RETAINED_RAW_NOT_TRAINING_BY_DEFAULT"
"2026-07-15\竞彩世界杯5场分析.md","md","5050","2026-06-20T19:00:04.0000000Z","030bd78fdb421ff685bdd1656cd1116cfa2ae5d4ae99fb4f4958b312333dd695","RETAINED_RAW_NOT_TRAINING_BY_DEFAULT"
"2026-07-15\竞彩世界杯5场分析_修正版.md","md","4179","2026-06-20T19:08:23.0000000Z","b6c223e7af001ea4dcbeed547c2d37c31ced84573e4d19ddfc6e8366eb34fef8","RETAINED_RAW_NOT_TRAINING_BY_DEFAULT"
"2026-07-15\框架_CSV大数据索引.md","md","5624","2026-06-25T16:05:17.0000000Z","2016bdb69fafa9a9af53fec6d1ea853768e7e3696fb79b7a27e8777b6466742f","RETAINED_RAW_NOT_TRAINING_BY_DEFAULT"
"2026-07-15\框架_核心数据文件.tar.gz","gz","504387","2026-06-25T16:05:17.0000000Z","c808b1e92f09799bb1e6d4b768cd0383e907060e25ae358b355a7b9c4803b2b8","RETAINED_RAW_NOT_TRAINING_BY_DEFAULT"
"2026-07-15\框架_全部CSV数据.tar.gz","gz","11505244","2026-06-25T16:06:12.0000000Z","06c68e58a811f12577e1fe0d4879da5d46471191ab681ccd34a4b5b501f30fbb","RETAINED_RAW_NOT_TRAINING_BY_DEFAULT"
"2026-07-15\框架_所有报告文档.tar.gz","gz","1186349","2026-06-25T16:05:16.0000000Z","cfaafd73a93550cfb7e5a4522a1458884be47076308347d400bcdaf99edd6dfc","RETAINED_RAW_NOT_TRAINING_BY_DEFAULT"
"2026-07-15\框架Bug扫描与更新建议报告.md","md","5478","2026-06-19T15:40:39.0000000Z","4a42ac9f31142d613545a6cfb9241a7e30a15ac7b5558b312a106e182f05db4b","RETAINED_RAW_NOT_TRAINING_BY_DEFAULT"
"2026-07-15\框架底层公式审查报告.md","md","8515","2026-06-19T17:53:21.0000000Z","1b78ff829b896ebe934c4dbe290642b71662ba3c23fe50572b0869f10f2fb149","RETAINED_RAW_NOT_TRAINING_BY_DEFAULT"
"2026-07-15\框架对比分析报告.md","md","6164","2026-06-19T18:38:39.0000000Z","57c9186e425fcdb7f965572a214bf30f29f91a318dbc0147c845f84c0cee0095","RETAINED_RAW_NOT_TRAINING_BY_DEFAULT"
"2026-07-15\框架完整目录索引.md","md","2838","2026-06-25T16:04:41.0000000Z","0d2a79bc9edf1a253ba72714e17417a68e3c01b1f6150bfac74b87756ec5f7e1","RETAINED_RAW_NOT_TRAINING_BY_DEFAULT"
"2026-07-15\框架修正完成报告_v21.md","md","4444","2026-06-20T21:13:01.0000000Z","5097dbd7df0e0e9fcc23a8308d7476d5e0dc37d1a35be46eff481392478e8559","RETAINED_RAW_NOT_TRAINING_BY_DEFAULT"
"2026-07-15\框架知识库_v2.2.md","md","15137","2026-06-21T20:50:07.0000000Z","5267514c7f6545e43982063f64c6ce12d6a4bb42a5abfc4c9fd4a303968f5b97","RETAINED_RAW_NOT_TRAINING_BY_DEFAULT"
"2026-07-15\框架知识库_v2.3.md","md","17941","2026-06-21T22:24:06.0000000Z","a5ddbd54684c268faab4b43adbe98bea72ee8716c7b865275c428a02bf28b0cf","RETAINED_RAW_NOT_TRAINING_BY_DEFAULT"
"2026-07-15\冷门猎手V1.0_4场深度分析.md","md","14255","2026-06-21T14:18:40.0000000Z","c6cf86196fe77936776b8a874bc49f08d651c44b595814b8cf6b5d9008aa9589","RETAINED_RAW_NOT_TRAINING_BY_DEFAULT"
"2026-07-15\冷门猎手V1.0_4场深度分析_完整版.md","md","22271","2026-06-21T18:33:43.0000000Z","66e081030e800317069d83cd8213df8e647c168109b26e8887d03ef3edde79df","RETAINED_RAW_NOT_TRAINING_BY_DEFAULT"
"2026-07-15\冷门预测系统_Dixon-Coles增强方案_V6.1.md","md","7926","2026-06-19T10:33:26.0000000Z","11c2eec8cbcef995d00b5bc124cad27f8409ca1abbaf2f6d0e5d8e494907584c","RETAINED_RAW_NOT_TRAINING_BY_DEFAULT"
"2026-07-15\冷门预测系统_ML增强方案_V6.0.md","md","14209","2026-06-19T10:19:31.0000000Z","871268edafb48a2916c62e0e91571727ecbd70fc6f91ee92a81b417968bc402e","RETAINED_RAW_NOT_TRAINING_BY_DEFAULT"
"2026-07-15\墨西哥vs韩国_2018世界杯战术分析.md","md","5295","2026-06-18T18:48:22.0000000Z","8edf8c291695d1e0fdcdb52a9cd3b75d4fe6c5e1c7946f608697de7bc97fb85a","RETAINED_RAW_NOT_TRAINING_BY_DEFAULT"
"2026-07-15\墨西哥vs韩国_2026世界杯赔率数据.md","md","3614","2026-06-18T19:14:05.0000000Z","0b1247324da06aba060124521882fcedc0552281fd38db547abe25425e0679c7","RETAINED_RAW_NOT_TRAINING_BY_DEFAULT"
"2026-07-15\任务进度表_2026世界杯数据抓取.md","md","2246","2026-06-22T20:37:06.0000000Z","487841bb4981c51dfb18e7432c4b27a5adf7c0f9e8d3f93429a3bd71a14989f8","RETAINED_RAW_NOT_TRAINING_BY_DEFAULT"
"2026-07-15\三场比赛复盘报告_20260621.md","md","8497","2026-06-21T06:10:53.0000000Z","1fee130cb1c3aff4842eb29189ba98547a5a6a245b4a424bf00034cde4793239","RETAINED_RAW_NOT_TRAINING_BY_DEFAULT"
"2026-07-15\三场比赛冷门猎手分析报告.md","md","5791","2026-06-24T19:27:09.0000000Z","d576b584b816a7374922023a2740a1f988199d292a34753b6e8d4401350b862c","RETAINED_RAW_NOT_TRAINING_BY_DEFAULT"
"2026-07-15\三串一策略修正报告_v3.2.md","md","2764","2026-06-22T05:58:16.0000000Z","5c1d6cb745a03194ebc4b7d9cf7a3822a731fd723659cb6e711f95f9d1a60b43","RETAINED_RAW_NOT_TRAINING_BY_DEFAULT"
"2026-07-15\三串一命中率模拟报告.md","md","2739","2026-06-21T23:16:00.0000000Z","350695523f2bddd6c189478d9d36bf6d6d767afd30139d7fa1da5b1079446422","RETAINED_RAW_NOT_TRAINING_BY_DEFAULT"
"2026-07-15\伤病修正后综合分析_4场世界杯_20260620.md","md","12810","2026-06-20T10:06:56.0000000Z","99af06af30c303651bc1ded34cdddfd8c398e08132efd9ca9f2814c90c6b5516","RETAINED_RAW_NOT_TRAINING_BY_DEFAULT"
"2026-07-15\伤病阵容报告_4场世界杯_20260620.md","md","15470","2026-06-20T10:05:44.0000000Z","e8d0d7dbfcb5030c695dc57d5320049e12728c5899c3a50aee1463b5cf6c5564","RETAINED_RAW_NOT_TRAINING_BY_DEFAULT"
"2026-07-15\世界杯013-024技术统计补全.md","md","5050","2026-06-24T18:12:36.0000000Z","e0c888f6820722e2356a578e83d3f40671d06434f7ea882646a8882b106c8401","RETAINED_RAW_NOT_TRAINING_BY_DEFAULT"
"2026-07-15\世界杯037-048技术统计补全.md","md","4657","2026-06-24T18:13:22.0000000Z","cd66d35620b36b9d85ff1e555684668185a23aa6be3c79b3aa912a206d05b307","RETAINED_RAW_NOT_TRAINING_BY_DEFAULT"
"2026-07-15\世界杯48场竞彩SP赔率补全报告.md","md","5213","2026-06-25T08:18:39.0000000Z","06b6e9cd7fd344548329eb8bfa2cec429bd2784cc14608b136a1e9d6a5c760a2","RETAINED_RAW_NOT_TRAINING_BY_DEFAULT"
"2026-07-15\世界杯48场赔率补全报告.md","md","3945","2026-06-24T18:16:09.0000000Z","52ff002242dbf99fbf8d40e6af70919b2337c05527bcf956aab7188acefa2f89","RETAINED_RAW_NOT_TRAINING_BY_DEFAULT"
"2026-07-15\世界杯48场全部赔率数据.md","md","8255","2026-06-24T18:17:59.0000000Z","f47ff2b940276a6d0e96e8fcffbfced56d604cd04048bcdfce9d3026ffa363fa","RETAINED_RAW_NOT_TRAINING_BY_DEFAULT"
"2026-07-15\世界杯48场全部数据整合报告.md","md","13349","2026-06-24T18:22:39.0000000Z","4837ce2d22ddb3742dc48d2088a6df78807b3382f79d4b070791bca22d12211e","RETAINED_RAW_NOT_TRAINING_BY_DEFAULT"
"2026-07-15\世界杯4场串关方案.md","md","14939","2026-06-19T19:44:25.0000000Z","cec2cfb8883d0e1f90c873bd1e336d60a37d1c6a864b792cacaa76af1c0d0b37","RETAINED_RAW_NOT_TRAINING_BY_DEFAULT"
"2026-07-15\世界杯4场分析报告_20260620.md","md","16318","2026-06-20T07:36:12.0000000Z","82360b0088c03dab1302c9e246fa6231359b302020edc789ad62b64bb821ee2c","RETAINED_RAW_NOT_TRAINING_BY_DEFAULT"
"2026-07-15\世界杯4场即时数据深度分析+串关方案.md","md","13513","2026-06-19T20:07:27.0000000Z","116cdbc37254268f44e783ee1f5a9ae4c06350a21605d4af022773fd74762014","RETAINED_RAW_NOT_TRAINING_BY_DEFAULT"
"2026-07-15\世界杯4场全串关方案矩阵_20260620.md","md","21845","2026-06-20T08:18:26.0000000Z","59857d501c1fbff9b8f60f73cd31e7ec1de60c0b2ae55870344f4338ba004141","RETAINED_RAW_NOT_TRAINING_BY_DEFAULT"
"2026-07-15\世界杯4场让球盘深度分析_20260620.md","md","4364","2026-06-20T07:59:23.0000000Z","d896d6535ee91492cb1fe3ffcd02a423d47d6bb2b61512b75db8e304f140f13d","RETAINED_RAW_NOT_TRAINING_BY_DEFAULT"
"2026-07-15\世界杯4场深度分析报告.md","md","12465","2026-06-19T19:27:18.0000000Z","653fe4ec8036e0938eba5641b483b9d3cb4805f2cc2d2c354f31b35633b92916","RETAINED_RAW_NOT_TRAINING_BY_DEFAULT"
"2026-07-15\世界杯4场深度分析报告_20260621.md","md","13551","2026-06-20T13:43:29.0000000Z","3db1eb9bd3b632d5de7f33d7e3f01d55b208d95cfb03d9fc93607856beb6a45b","RETAINED_RAW_NOT_TRAINING_BY_DEFAULT"
"2026-07-15\世界杯4场修正版深度分析报告.md","md","10225","2026-06-19T20:53:54.0000000Z","8a8be11f202c89d42fb8fb6eb2c87a5af076da71ed02424d8af361257b820e64","RETAINED_RAW_NOT_TRAINING_BY_DEFAULT"
"2026-07-15\世界杯4场最终修正版报告.md","md","3548","2026-06-19T22:39:14.0000000Z","f1e4014ac6940ef66af5bde7e9d74bb28a05b4b4c7721a43471e0aa91db189c1","RETAINED_RAW_NOT_TRAINING_BY_DEFAULT"
"2026-07-15\世界杯6_23四场冷门猎手分析报告.md","md","11107","2026-06-23T12:11:20.0000000Z","524aa67d1d07da2e3b8a08457f3aecc956c32926eb75d074b51a47a002b4e08f","RETAINED_RAW_NOT_TRAINING_BY_DEFAULT"
"2026-07-15\世界杯6_24四场竞彩+欧洲初盘综合分析报告.md","md","13499","2026-06-23T12:29:43.0000000Z","d63cc1b1e0f5d734691ae6c89f0a2b319994a982456c4262e352d91ad8f30b7c","RETAINED_RAW_NOT_TRAINING_BY_DEFAULT"
"2026-07-15\世界杯第三轮6场复盘报告.md","md","4671","2026-06-25T07:43:22.0000000Z","e41869b14f8dcb9790e193331996d03d3e5aa52b7828a8bb8d9ebd0030a081cc","RETAINED_RAW_NOT_TRAINING_BY_DEFAULT"
"2026-07-15\数据库验证报告_20260620.md","md","7755","2026-06-20T16:04:57.0000000Z","b69a38dda78886e53f5aba56dfb0c2895c0f13e699b0dfaee510fa096693923c","RETAINED_RAW_NOT_TRAINING_BY_DEFAULT"
"2026-07-15\数据完善进度汇总.md","md","2672","2026-06-24T05:48:16.0000000Z","de8ea9f1c43630f9ae02dffa0c785fc2d168c066fcec4467cd1a84e80e382af6","RETAINED_RAW_NOT_TRAINING_BY_DEFAULT"
"2026-07-15\双源赔率交叉对比报告.md","md","10486","2026-06-19T11:30:29.0000000Z","3bee0c2d98cba309fa7c639add24a0ca8af3dfb8744fe4b249753e820fc772e8","RETAINED_RAW_NOT_TRAINING_BY_DEFAULT"
"2026-07-15\双源赔率全维度交叉对比报告_v2.md","md","11579","2026-06-19T11:43:12.0000000Z","cc0a571d8a0a0ed9b3acce2dd220575e30dcb2dadda96c673931d6d815578938","RETAINED_RAW_NOT_TRAINING_BY_DEFAULT"
"2026-07-15\四场核心冷门猎手分析.md","md","9088","2026-06-24T11:51:48.0000000Z","4d2b5ecbe02c73ef8e4a61a59a2dd3f0738a59de1310be48d52848c7b3e54e58","RETAINED_RAW_NOT_TRAINING_BY_DEFAULT"
"2026-07-15\西班牙vs沙特_复盘报告_20260622.md","md","5925","2026-06-21T18:06:47.0000000Z","a2579ad4b2830fd6f7cb8b35d26a4c1fd9eafc9c1ab7ca49eb0bc2fe6a3a3bf0","RETAINED_RAW_NOT_TRAINING_BY_DEFAULT"
"2026-07-15\西班牙vs沙特_深度框架分析_独立判断.md","md","8592","2026-06-21T13:59:42.0000000Z","07154d3c888b96dbde2c8682039feff0338286b872447535945afb31124cf534","RETAINED_RAW_NOT_TRAINING_BY_DEFAULT"
"2026-07-15\系统完整度评估_全部不足清单.md","md","7085","2026-06-19T11:47:48.0000000Z","0f28b70ef710886b802d21aca78a171966c918da875f69e8e593a88fb049bf04","RETAINED_RAW_NOT_TRAINING_BY_DEFAULT"
"2026-07-15\用户分享文件.md","md","287381","2026-06-19T07:26:59.0000000Z","90127fdc864555fccb8133dbf351f39e2469ace317cb164446c5e4b6ba0d45c0","RETAINED_RAW_NOT_TRAINING_BY_DEFAULT"
"2026-07-15\足球分析框架数据汇总.md","md","5864","2026-06-24T07:25:50.0000000Z","a2a87c7f9d81f7f7f350a2036048b9db962b6f9eeb7eb754edfbdb00714ac9b5","RETAINED_RAW_NOT_TRAINING_BY_DEFAULT"
"2026-07-15\最终版分析_球探网官方数据_20260620.md","md","11490","2026-06-20T11:34:44.0000000Z","2c98fe66936c3cbe15ada703c9fd1a710b99e6c97129efb989e1786e46813ffc","RETAINED_RAW_NOT_TRAINING_BY_DEFAULT"
"2026-07-15\最终报告_6_24四场竞彩+欧洲综合分析.md","md","8182","2026-06-23T12:51:28.0000000Z","849759ae71beae1d6b26dc796760b6af3bfd083a6b0581ddbf55393d1aa147e0","RETAINED_RAW_NOT_TRAINING_BY_DEFAULT"
"2026-07-15\最终报告_重新抓取验证.md","md","9248","2026-06-23T13:03:01.0000000Z","326a50b10572dad895835bb3fc859ac6b7f11a4ba01a3573404f9bae91af68f6","RETAINED_RAW_NOT_TRAINING_BY_DEFAULT"
"2026-07-15_csv_inventory.csv","csv","67063","2026-07-14T19:00:28.9954035Z","0e5f0ecdcea9c9357a014930cbd250881f1447c3d60d1dbec52aeaebf8a33641","RETAINED_RAW_NOT_TRAINING_BY_DEFAULT"
"market_dataset_unique_hashes.csv","csv","5865","2026-07-14T19:01:19.9443740Z","f79513542f05bca773db0b1d98c106887e1f5d1330d5614d33f66d6099238c4e","RETAINED_RAW_NOT_TRAINING_BY_DEFAULT"
